<environmentvariabledefinition schemaname="iv_azureblobstoragecontainername">
  <description default="Environment variable which holds the root container name for the storage account">
    <label description="Environment variable which holds the root container name for the storage account" languagecode="1033" />
  </description>
  <displayname default="Azure Blob Storage Container Name">
    <label description="Azure Blob Storage Container Name" languagecode="1033" />
  </displayname>
  <introducedversion>1.0.0.0</introducedversion>
  <iscustomizable>1</iscustomizable>
  <isrequired>0</isrequired>
  <secretstore>0</secretstore>
  <type>100000000</type>
</environmentvariabledefinition>