<environmentvariabledefinition schemaname="iv_azureblobstorageaccountname">
  <description default="Storage Account Name to be used for Blob Storage Explorer">
    <label description="Storage Account Name to be used for Blob Storage Explorer" languagecode="1033" />
  </description>
  <displayname default="Azure Blob Storage Account Name">
    <label description="Azure Blob Storage Account Name" languagecode="1033" />
  </displayname>
  <introducedversion>1.0.0.0</introducedversion>
  <iscustomizable>1</iscustomizable>
  <isrequired>0</isrequired>
  <secretstore>0</secretstore>
  <type>100000000</type>
</environmentvariabledefinition>