<ImportExportXml xmlns:xsi="http://www.w3.org/2001/XMLSchema-instance" OrganizationVersion="9.2.25042.166" OrganizationSchemaType="Standard" CRMServerServiceabilityVersion="9.2.25043.00176">
  <Entities></Entities>
  <Roles></Roles>
  <Workflows></Workflows>
  <FieldSecurityProfiles></FieldSecurityProfiles>
  <Templates />
  <EntityMaps />
  <EntityRelationships />
  <OrganizationSettings />
  <optionsets />
  <CustomControls>
     <CustomControl>
      <Name>iv_Iona.BlobStorageExplorer</Name>
      <FileName>/Controls/iv_Iona.BlobStorageExplorer/ControlManifest.xml</FileName>
    </CustomControl>
    </CustomControls>
  <EntityDataProviders />
  <Languages>
    <Language>1033</Language>
  </Languages>
</ImportExportXml>