<manifest><control namespace="qq" constructor="AddressValidationControl" version="0.0.1" display-name-key="AddressValidationControl" description-key="AddressValidationControl description" control-type="virtual" api-version="1.3.16"><external-service-usage enabled="false" /><property name="addressField" display-name-key="Field which contains the address" description-key="Field which contains the address" of-type="SingleLine.Text" usage="bound" required="true" /><property name="DisplayMapBelow" display-name-key="Display map below address yes/no" description-key="Display map below address yes/no" of-type="TwoOptions" usage="input" required="true" /><property name="StreetAddress" display-name-key="Field which contains the street and housenumber" description-key="Field which contains the street and housenumber" of-type="SingleLine.Text" usage="bound" required="false" /><property name="City" display-name-key="Field which contains the city" description-key="Field which contains the city" of-type="SingleLine.Text" usage="bound" required="false" /><property name="Zipcode" display-name-key="Field which contains the zipcode" description-key="Field which contains the zipcode" of-type="SingleLine.Text" usage="bound" required="false" /><property name="Country" display-name-key="Field which contains the country" description-key="Field which contains the country" of-type="SingleLine.Text" usage="bound" required="false" /><property name="CountryCode" display-name-key="Field which contains the countrycode" description-key="Field which contains the countrycode" of-type="SingleLine.Text" usage="bound" required="false" /><property name="Latitude" display-name-key="Field which contains the latitude" description-key="Field which contains the latitude" of-type="FP" usage="bound" required="false" /><property name="Longitude" display-name-key="Field which contains the longitude" description-key="Field which contains the longitude" of-type="FP" usage="bound" required="false" /><resources><code path="bundle.js" order="1" /><platform-library name="React" version="16.14.0" /><platform-library name="Fluent" version="9.46.2" /></resources><feature-usage /><built-by name="pac" version="1.42.1" /></control></manifest>